"name","alternative_names","website","since_date","renewed_date","until_date","reason","additional"
"Allekabels","Allekabels.nl","https://www.allekabels.nl",2021-02-04,2021-04-17,,"Cyber Security Concerns;Fraud","Due to exclusion of data breach (2020-08-23) notification for using traceable email address(es)"
"Autodemontagebedrijf Rijnmond","Autodemontagebedrijf Rijnmond BV;Rijnmondautos","https://www.autodemontagebedrijfrijnmond.nl",2025-04-28,,,"Property Damage",
"Electronica Service Repair","ESR","https://esronline.nl",2025-06-12,,,"Bad Quality;Bad Service;Fraud;Threads",
"DPD","Dynamic Parcel Distribution","https://www.dpd.com",2021-01-05,2025-11-04,2030-01-01,"Bad Quality;Bad Service;Property Damage","Applies to orders where other courier services are available"
"Milgro","Milgro B.V.","https://www.milgro.eu",2024-06-06,,,"Bad Employer;Fraud",
"Louwman",,"https://www.louwman.nl",2024-06-06,,2029-06-06,"Bad Employer;No Response",
"ARAG",,"https://www.arag.nl",2025-08-05,,2030-08-05,"Bad Employer;No Response",
"Eneco",,"https://www.eneco.nl",2026-03-03,,2031-03-03,"Bad Employer;No Response",
"Visymo","Visymo Search;Visymo Universal Search Group","https://www.visymo.com",2026-07-13,,2031-07-13,"Bad Employer;No Response",
"ABB E-mobility",,"https://e-mobility.abb.com",2026-02-18,,2031-02-18,"Bad Employer;No Response",
"Tesla","Tesla Motors","https://www.tesla.com",2026-08-13,,2028-07-01,"Bad Quality;Safety Concerns;Cyber Security Concerns",
"Leapmotor",,"https://www.leapmotor.net",2026-08-13,,2028-07-01,"Safety Concerns;Cyber Security Concerns",
"BYD","Build Your Dreams","https://www.byd.com",2026-08-13,,2028-07-01,"Safety Concerns;Cyber Security Concerns",
"Zeekr",,"https://www.zeekr.eu", 2026-08-13,,2028-07-01,"Safety Concerns;Cyber Security Concerns",
"Geely",,"https://global.geely.com", 2026-08-13,,2028-07-01,"Safety Concerns;Cyber Security Concerns",
"MG","Morris Garages;MG Motor;SAIC Motor","https://www.mgmotor.nl", 2026-08-13,,2028-07-01,"Safety Concerns;Cyber Security Concerns",
"XPENG",,"https://www.xpeng.com",2026-08-13,2026-09-20,2028-07-01,"Safety Concerns;Cyber Security Concerns;Intrusive Video Advertisements",
"Omoda & Jaecoo","Omoda;Jaecoo;Chery","https://www.omodajaecoo.nl",2026-08-13,,2028-07-01,"Safety Concerns;Cyber Security Concerns",
"Hongqi",,"https://www.hongqi-auto.com",2026-08-13,,2028-07-01,"Safety Concerns;Cyber Security Concerns",
"NIO",,"https://www.nio.com",2026-08-13,,2028-07-01,"Safety Concerns;Cyber Security Concerns",
"Lynk & Co",,"https://www.lynkco.com",2026-08-13,,2028-07-01,"Safety Concerns;Cyber Security Concerns",
"Xiaomi",,"https://www.mi.com",2026-08-13,,2030-01-01,"Cyber Security Concerns",
"HONOR",,"https://www.honor.com",2026-08-13,,2030-01-01,"Cyber Security Concerns",
"realme",,"https://www.realme.com",2026-08-13,,2030-01-01,"Cyber Security Concerns",
"OnePlus",,"https://www.oneplus.com",2026-08-13,,2030-01-01,"Cyber Security Concerns",
"OPPO",,"https://www.oppo.com",2026-08-13,,2030-01-01,"Cyber Security Concerns",
"Samsung","Samsung Galaxy","https://www.samsung.com",2026-08-13,2026-08-26,2027-04-01,"Intrusive Video Advertisements","Currently only applies to Samsung Galaxy devices"
"Volvo","Volvo Cars","https://www.volvocars.com",2026-08-13,2026-09-04,2027-02-01,"Intrusive Video Advertisements;Cyber Security Concerns",
"Bol.com",,"https://www.bol.com",2026-08-13,2026-09-20,2027-06-01,"Intrusive Video Advertisements;Cyber Security Concerns",
"Deel",,"https://www.deel.com",2026-08-13,2026-09-24,,"Intrusive Video Advertisements;Discriminatory",
"NRW.Global Business",,"https://www.nrwglobalbusiness.com",2026-08-13,2026-08-25,2027-01-01,"Intrusive Video Advertisements",
"LEGO","LEGO World","https://www.lego.com",2026-08-13,2026-09-24,2027-03-01,"Intrusive Video Advertisements",
"Opel",,"https://www.opel.nl",2026-08-13,2026-09-04,2027-02-01,"Intrusive Video Advertisements",
"Goudwisselkantoor","Goud Wissel Kantoor","https://www.goudwisselkantoor.nl",2026-08-13,,2027-01-01,"Intrusive Video Advertisements",
"H&M","HM;H en M;H and M","https://www.hm.com",2026-08-13,2026-08-26,2027-01-01,"Intrusive Video Advertisements",
"Glean",,"https://www.glean.com",2026-08-14,2026-08-27,2027-02-01,"Intrusive Video Advertisements",
"Baenks",,"https://www.baenks.nl",2026-08-14,2026-08-20,2027-01-01,"Intrusive Video Advertisements",
"ZonOpNaam Energie","Zon Op Naam","https://www.zonopnaam.nl",2026-08-14,2026-08-28,2027-02-01,"Intrusive Video Advertisements",
"Corendon","Cor en Don","https://www.corendon.nl",2026-08-14,2026-08-27,2027-02-01,"Intrusive Video Advertisements",
"Even Realities","Even","https://www.evenrealities.com",2026-08-14,,2027-01-01,"Intrusive Video Advertisements",
"Landal",,"https://www.landal.nl",2026-08-14,2026-08-24,2027-01-01,"Intrusive Video Advertisements",
"CoolBlue",,"https://www.coolblue.nl",2026-08-14,2026-09-05,2027-04-01,"Intrusive Video Advertisements",
"MediaMarkt","Media Markt","https://www.mediamarkt.nl",2026-08-21,2026-08-23,2027-01-01,"Intrusive Video Advertisements",
"Blackroll",,"https://www.blackroll.com",2026-08-15,2026-08-24,2027-03-01,"Intrusive Video Advertisements",
"Uniqlo","LifeWear","https://www.uniqlo.com",2026-08-15,2026-08-26,2030-01-01,"Intrusive Video Advertisements",
"Centraal Beheer",,"https://www.centraalbeheer.nl",2026-08-15,,2027-01-01,"Intrusive Video Advertisements",
"RCN","RCN Vakantieparken","https://www.rcn.nl",2026-08-15,,2027-01-01,"Intrusive Video Advertisements",
"Sawadee",,"https://www.sawadee.nl",2026-08-15,,2027-01-01,"Intrusive Video Advertisements",
"Volero",,"https://www.volero.nl",2026-08-15,,2027-01-01,"Intrusive Video Advertisements",
"Photon Jobs",,"https://www.photonjobs.nl",2026-08-15,,2027-01-01,"Intrusive Video Advertisements",
"Swappie",,"https://www.swappie.com",2026-08-19,2026-08-28,2027-01-01,"Intrusive Video Advertisements",
"Bouwbakkie","Bakkie;Rolbakkie","https://www.bouwbakkie.nl",2026-08-19,2026-08-24,2027-02-01,"Intrusive Video Advertisements",
"Cloudpillo",,"https://www.cloudpillo.com",2026-08-19,2026-09-21,,"Intrusive Video Advertisements;Slavery",
"Matt Sleeps",,"https://www.mattsleeps.com",2026-09-20,,2027-07-01,"Intrusive Video Advertisements",
"Lebara",,"https://www.lebara.nl",2026-08-18,2026-08-23,2027-02-01,"Intrusive Video Advertisements",
"Nieuwe Energie",,"https://www.nieuweenergie.nl",2026-08-25,2026-09-05,2027-03-01,"Intrusive Video Advertisements",
"Bunq",,"https://www.bunq.nl",2026-08-24,2026-08-25,2027-01-01,"Intrusive Video Advertisements",
"Sazas",,"https://www.sazas.nl",2026-08-25,,2027-01-01,"Intrusive Video Advertisements",
"Cameranu","Camera Nu","https://www.cameranu.nl",2026-08-26,,2027-01-01,"Intrusive Video Advertisements",
"Scapino",,"https://www.scapino.nl",2026-08-26,,2027-01-01,"Intrusive Video Advertisements",
